strain	virus	gisaid_epi_isl	genbank_accession	genbank_accession_rev	sra_accession	date	region	country	division	location	region_exposure	country_exposure	division_exposure	segment	length	host	age	sex	Nextstrain_clade	pango_lineage	GISAID_clade	originating_lab	submitting_lab	authors	url	title	paper_url	date_submitted	date_updated	sampling_strategy	database	clade_nextstrain	clade_who	Nextclade_pango	immune_escape	ace2_binding	missing_data	divergence	nonACGTN	coverage	rare_mutations	reversion_mutations	potential_contaminants	QC_missing_data	QC_mixed_sites	QC_rare_mutations	QC_snp_clusters	QC_frame_shifts	QC_stop_codons	QC_overall_score	QC_overall_status	frame_shifts	deletions	insertions	substitutions	aaSubstitutions	clock_deviation	100k	custom	global	custom.1
Liechtenstein/FL-Risch-0915R13643/2022	ncov	EPI_ISL_15074477	OX338973	OX338973.1	ERS13480542	2022-09-15	Europe	Liechtenstein	Liechtenstein		Europe	Liechtenstein	Liechtenstein	genome	29870	Homo sapiens	?	?	22B (Omicron)	CG.1	?	Dr. Risch Ostschweiz AG, Lagerstrasse 30, 9470 Buchs	SIB, Ch. des Mines 9	?	https://www.ncbi.nlm.nih.gov/nuccore/OX338973		?	2022-09-23	2022-09-25	?	genbank	22B	Omicron	CG.1	0.586	0.369	1110.0	74.0	0.0	0.9628799785974652	1.0	0.0	0.0	mediocre	good	good	good	good	good	9.0	good		11288-11296,21633-21641,21765-21770,28362-28370		C241T,T670G,C1627T,C2790T,C3037T,G4184A,C4321T,C4824T,C9344T,A9424G,C9534T,C10029T,C10198T,G10447A,C10449A,G12160A,G12310A,C12880T,C14408T,C15714T,C16616A,C17410T,A18163G,C19955T,A20055G,C21618T,G21987A,T22200G,G22578A,C22674T,T22679C,C22686T,A22688G,G22775A,A22786C,G22813T,T22882G,A22893T,T22917G,G22992A,C22995A,A23013C,T23018G,A23055G,A23063T,T23075C,A23403G,C23525T,T23599G,C23604A,C23854A,G23948T,C24133T,A24424T,T24469A,C25000T,C25584T,C25714G,C26060T,C26110T,C26270T,G26529A,C26577G,G26709A,C27143T,C27807T,C27889T,A28271T,C28311T,A28330G,G28881A,G28882A,G28883C,A29510C	E:T9I,M:D3N,M:Q19E,M:A63T,N:P13L,N:R203K,N:G204R,N:S413R,ORF1a:S135R,ORF1a:T842I,ORF1a:G1307S,ORF1a:S1520F,ORF1a:L3027F,ORF1a:T3090I,ORF1a:T3255I,ORF1a:P3395H,ORF1b:P314L,ORF1b:T1050N,ORF1b:R1315C,ORF1b:I1566V,ORF1b:T2163I,ORF3a:L108V,ORF3a:T223I,ORF3a:P240S,ORF9b:P10S,ORF9b:D16G,S:T19I,S:A27S,S:G142D,S:V213G,S:G339D,S:S371F,S:S373P,S:S375F,S:T376A,S:D405N,S:R408S,S:K417N,S:N440K,S:K444M,S:L452R,S:S477N,S:T478K,S:E484A,S:F486V,S:Q498R,S:N501Y,S:Y505H,S:D614G,S:H655Y,S:N679K,S:P681H,S:N764K,S:D796Y,S:Q954H,S:N969K	1.0	yes	yes	no	yes
VEN/Bol5332/2021	ncov	EPI_ISL_2628208	MZ611959	MZ611959.1		2021-02-10	South America	Venezuela	Venezuela		South America	Venezuela	Venezuela	genome	29825	Homo sapiens	?	?	20J (Gamma, V3)	P.1	?	?	IVIC, CMBC	Pujol et al	https://www.ncbi.nlm.nih.gov/nuccore/MZ611959		?	2021-07-22	2021-07-22	?	genbank	20J	Gamma	P.1	?	?	0.0	38.0	0.0	0.9975587733672208	3.0	0.0	2.0	good	good	good	good	good	good	1.5625	good		11288-11296	28262:AACA	C241T,T733C,C829T,C2749T,C3037T,C3828T,A5648C,A6319G,C6541T,A6613G,C6627T,C7165T,C12778T,C13860T,C14408T,G17259T,C21614T,C21621A,C21638T,G21974T,G22132T,A22812C,G23012A,A23063T,T23113C,A23403G,C23525T,C24642T,G25088T,T26149C,G28167A,C28512G,A28877T,G28878C,G28881A,G28882A,G28883C,T29834A	N:P80R,N:R203K,N:G204R,ORF1a:S1188L,ORF1a:K1795Q,ORF1a:T2121I,ORF1b:P314L,ORF1b:E1264D,ORF3a:S253P,ORF8:E92K,ORF9b:Q77E,S:L18F,S:T20N,S:P26S,S:D138Y,S:R190S,S:K417T,S:E484K,S:N501Y,S:D614G,S:H655Y,S:T1027I,S:V1176F	5.0	yes	yes	no	yes
THA/MTM_01_559/2022	ncov	?	OQ618797	OQ618797.1		2022-11-10	Asia	Thailand	Bangkok		Asia	Thailand	Bangkok	genome	29652	Homo sapiens	?	?	23C (Omicron)	CH.1.1	?	?	Mahidol-Oxford Tropical Medicine Research Unit (MORU), Faculty of Tropical Medicine	Schilling et al	https://www.ncbi.nlm.nih.gov/nuccore/OQ618797		?	2023-03-14	2023-03-14	?	genbank	23C	Omicron	CH.1.1	0.907	0.328	0.0	92.0	0.0	0.992509112798047	2.0	0.0	1.0	good	good	good	good	good	good	0.0	good		11288-11296,21633-21641,28362-28370		C241T,T670G,C2790T,C3037T,C3796T,C3857A,C3927T,G4184A,C4321T,C4586T,C5183T,C6701T,C9344T,A9424G,C9534T,C9866T,C10029T,C10198T,G10447A,C10449A,A12444G,C12880T,C14408T,G15451A,C15714T,C17410T,A18163G,G18583A,C19955T,A20055G,A20741G,C21618T,G21987A,A22001G,T22016C,C22033A,A22190G,T22200G,G22331A,G22577C,G22578A,G22599C,C22674T,T22679C,C22686T,A22688G,G22775A,A22786C,G22813T,T22882G,A22893C,G22898A,T22917G,T22942G,G22992A,C22995A,A23013C,T23019C,A23055G,A23063T,T23075C,A23403G,C23525T,T23599G,C23604A,C23854A,G23948T,A24424T,T24469A,C25000T,C25416T,C25584T,C26060T,C26270T,A26275G,C26577G,G26709A,C26858T,A27259C,G27382C,A27383T,T27384C,T27576C,C27807T,C28253T,A28271T,C28311T,C28399T,G28881A,G28882A,G28883C,A29510C	E:T9I,E:T11A,M:Q19E,M:A63T,N:P13L,N:R203K,N:G204R,N:S413R,ORF1a:S135R,ORF1a:T842I,ORF1a:Q1198K,ORF1a:S1221L,ORF1a:G1307S,ORF1a:P1640S,ORF1a:L2146F,ORF1a:L3027F,ORF1a:T3090I,ORF1a:L3201F,ORF1a:T3255I,ORF1a:P3395H,ORF1a:N4060S,ORF1b:P314L,ORF1b:G662S,ORF1b:R1315C,ORF1b:I1566V,ORF1b:V1706I,ORF1b:T2163I,ORF1b:Q2425R,ORF3a:T223I,ORF6:D61L,ORF9b:P10S,ORF9b:P39L,S:T19I,S:A27S,S:G142D,S:K147E,S:W152R,S:F157L,S:I210V,S:V213G,S:G257S,S:G339H,S:R346T,S:S371F,S:S373P,S:S375F,S:T376A,S:D405N,S:R408S,S:K417N,S:N440K,S:K444T,S:G446S,S:L452R,S:N460K,S:S477N,S:T478K,S:E484A,S:F486S,S:Q498R,S:N501Y,S:Y505H,S:D614G,S:H655Y,S:N679K,S:P681H,S:N764K,S:D796Y,S:Q954H,S:N969K	3.0	yes	yes	no	yes
BGD/icddrb-TND-04-1538/2022	ncov	EPI_ISL_13439477	OP164783	OP164783.1		2022-05-29	Asia	Bangladesh	Bangladesh		Asia	Bangladesh	Bangladesh	genome	29722	Homo sapiens	?	?	22B (Omicron)	BA.5.1	?	?	International Center for Diarrhoeal Disease Research, Bangladesh, Mucosal Immunology and Vaccinology	Afrad Moon et al	https://www.ncbi.nlm.nih.gov/nuccore/OP164783		?	2022-08-07	2022-08-07	?	genbank	22B	Omicron	BA.5.1	0.386	0.558	774.0	65.0	0.0	0.9700698926529112	1.0	0.0	0.0	good	good	good	good	good	good	3.081975	good	ORF8:122	11288-11296,21633-21641,21765-21770,28254,28362-28370,29734-29759		C241T,T670G,C2790T,C3037T,G4184A,C4321T,C9344T,A9424G,C9534T,C10029T,C10078T,G10447A,C10449A,G12160A,C12880T,C14408T,C15714T,C17410T,A18163G,C19955T,A20055G,C21618T,G21987A,T22200G,G22578A,C22674T,T22679C,C22686T,A22688G,G22775A,A22786C,G22813T,T22882G,T22917G,G22992A,C22995A,A23013C,T23018G,A23055G,A23063T,T23075C,A23403G,C23525T,T23599G,C23604A,C23854A,G23948T,A24424T,T24469A,C25000T,C25584T,C26060T,C26270T,G26529A,C26577G,G26709A,T27438C,C27807T,A28271T,C28311T,G28881A,G28882A,G28883C,A29510C,C29666T	E:T9I,M:D3N,M:Q19E,M:A63T,N:P13L,N:R203K,N:G204R,N:S413R,ORF1a:S135R,ORF1a:T842I,ORF1a:G1307S,ORF1a:L3027F,ORF1a:T3090I,ORF1a:T3255I,ORF1a:P3395H,ORF1b:P314L,ORF1b:R1315C,ORF1b:I1566V,ORF1b:T2163I,ORF3a:T223I,ORF9b:P10S,S:T19I,S:A27S,S:G142D,S:V213G,S:G339D,S:S371F,S:S373P,S:S375F,S:T376A,S:D405N,S:R408S,S:K417N,S:N440K,S:L452R,S:S477N,S:T478K,S:E484A,S:F486V,S:Q498R,S:N501Y,S:Y505H,S:D614G,S:H655Y,S:N679K,S:P681H,S:N764K,S:D796Y,S:Q954H,S:N969K	0.0	yes	yes	no	yes
CAN/Beta_NML_P2/2021	ncov	?	OM366051	OM366051.1		2021-04-26	North America	Canada	Canada		North America	Canada	Canada	genome	29776	Homo sapiens	?	?	20H (Beta, V2)	B.1.351	?	?	Public Health Agency of Canada, Special Pathogens	Audet et al	https://www.ncbi.nlm.nih.gov/nuccore/OM366051		?	2022-01-24	2022-01-24	?	genbank	20H	Beta	B.1.351	?	?	43.0	26.0	0.0	0.9949168979701032	4.0	0.0	3.0	good	good	mediocre	good	good	good	14.0625	good		11288-11296,22283-22291		G174T,C241T,C1059T,C1931A,C3037T,G5230T,C6936T,C6968T,A10323G,C14408T,A21801C,A22206G,G22813T,G23012A,A23063T,A23403G,C23664T,G25563T,C25904T,C26456T,C27145T,C28253T,A28795G,G28882A,C28887T,G29254T	E:P71L,M:T208I,N:T205I,ORF1a:T265I,ORF1a:Q556K,ORF1a:K1655N,ORF1a:S2224F,ORF1a:K3353R,ORF1b:P314L,ORF3a:Q57H,ORF3a:S171L,S:D80A,S:D215G,S:K417N,S:E484K,S:N501Y,S:D614G,S:A701V	-3.0	yes	yes	no	yes
KEN/SS10769/2022	ncov	?	OP883805	OP883805.1		2022-09-16	Africa	Kenya	Kenya		Africa	Kenya	Kenya	genome	29744	Homo sapiens	?	?	22E (Omicron)	BQ.1	?	?	KEMRI-Wellcome Trust Research Programme, Epidemiology and Demography	Githinji et al	https://www.ncbi.nlm.nih.gov/nuccore/OP883805		?	2022-11-23	2022-11-23	?	genbank	22E	Omicron	BQ.1	0.631	0.664	520.0	74.0	0.0	0.9783968163729392	2.0	0.0	0.0	good	good	good	good	good	good	0.663923	good		11288-11296,21633-21641,21765-21770,28362-28370		C241T,T670G,C1931A,C2790T,G4184A,C4321T,C9344T,A9424G,C9534T,C10029T,C10198T,G10447A,C10449A,C11750T,G12160A,C12880T,T14257C,C14408T,C15714T,G16935A,A17039G,C17410T,A18163G,C19955T,A20055G,T21116C,C21618T,G21987A,T22200G,G22578A,C22674T,T22679C,C22686T,A22688G,G22775A,A22786C,G22813T,T22882G,A22893C,T22917G,T22942A,G22992A,C22995A,A23013C,T23018G,A23055G,A23063T,T23075C,A23403G,C23525T,T23599G,C23604A,C23854A,G23948T,A24424T,T24469A,C25000T,C25584T,C26060T,C26270T,G26529A,C26577G,G26709A,C27807T,C27889T,A28271T,C28311T,C28312T,G28681T,G28881A,G28882A,G28883C,A29146T,A29510C	E:T9I,M:D3N,M:Q19E,M:A63T,N:P13L,N:E136D,N:R203K,N:G204R,N:S413R,ORF1a:S135R,ORF1a:Q556K,ORF1a:T842I,ORF1a:G1307S,ORF1a:L3027F,ORF1a:T3090I,ORF1a:T3255I,ORF1a:P3395H,ORF1a:L3829F,ORF1b:Y264H,ORF1b:P314L,ORF1b:M1156I,ORF1b:N1191S,ORF1b:R1315C,ORF1b:I1566V,ORF1b:T2163I,ORF1b:I2550T,ORF3a:T223I,ORF9b:P10F,S:T19I,S:A27S,S:G142D,S:V213G,S:G339D,S:S371F,S:S373P,S:S375F,S:T376A,S:D405N,S:R408S,S:K417N,S:N440K,S:K444T,S:L452R,S:N460K,S:S477N,S:T478K,S:E484A,S:F486V,S:Q498R,S:N501Y,S:Y505H,S:D614G,S:H655Y,S:N679K,S:P681H,S:N764K,S:D796Y,S:Q954H,S:N969K	1.0	yes	yes	no	yes
HongKong/HKU-211129-001/2021	ncov	?	OQ997246	OQ997246.1		2021-11-14	Asia	Hong Kong	Hong Kong		Asia	Hong Kong	Hong Kong	genome	29752	Homo sapiens	?	?	21K (Omicron)	BA.1	?	?	The University of Hong Kong, Department of Microbiology	To et al	https://www.ncbi.nlm.nih.gov/nuccore/OQ997246		?	2023-05-18	2023-05-18	?	genbank	21K	Omicron	BA.1	?	?	0.0	54.0	0.0	0.9959535832525164	0.0	0.0	0.0	good	good	good	good	good	good	0.0	good		6513-6515,11285-11293,21765-21770,21987-21995,22194-22196,28362-28370	22204:GAGCCAGAA	C241T,A2832G,C3037T,T5386G,G8393A,C10029T,C10449A,A11537G,T13195C,C14408T,C15240T,A18163G,C21762T,C21846T,G22578A,T22673C,C22674T,T22679C,C22686T,G22813T,T22882G,G22898A,G22992A,C22995A,A23013C,A23040G,G23048A,A23055G,A23063T,T23075C,C23202A,A23403G,C23525T,T23599G,C23604A,C23854A,G23948T,C24130A,A24424T,T24469A,C24503T,C25000T,C25584T,C26270T,A26530G,C26577G,G26709A,A27259C,C27807T,A28271T,C28311T,G28881A,G28882A,G28883C	E:T9I,M:D3G,M:Q19E,M:A63T,N:P13L,N:R203K,N:G204R,ORF1a:K856R,ORF1a:L2084I,ORF1a:A2710T,ORF1a:T3255I,ORF1a:P3395H,ORF1a:I3758V,ORF1b:P314L,ORF1b:I1566V,ORF9b:P10S,S:A67V,S:T95I,S:Y145D,S:L212I,S:G339D,S:S371L,S:S373P,S:S375F,S:K417N,S:N440K,S:G446S,S:S477N,S:T478K,S:E484A,S:Q493R,S:G496S,S:Q498R,S:N501Y,S:Y505H,S:T547K,S:D614G,S:H655Y,S:N679K,S:P681H,S:N764K,S:D796Y,S:N856K,S:Q954H,S:N969K,S:L981F	2.0	yes	yes	no	yes
Denmark/DCGC-647694/2023	ncov	?	OY726909	OY726909.1	ERR11864489	2023-08-07	Europe	Denmark	Syddanmark		Europe	Denmark	Syddanmark	genome	29873	Homo sapiens	?	?	21L (Omicron)	BA.2.86	?	Department of Bacteria, Parasites and Fungi, Statens Serum Institut, Copenhagen, Denmark	Artillerivej 5, 2300 Copenhagen S	Department of et al	https://www.ncbi.nlm.nih.gov/nuccore/OY726909		?	2023-08-26	2023-08-27	?	genbank	21L	Omicron	BA.2.86.1	1.199	1.048	1110.0	112.0	0.0	0.9628799785974652	0.0	0.0	1.0	mediocre	good	good	good	good	good	9.0	good		11288-11296,21633-21641,21765-21770,21992-21994,22194-22196,23009-23011,28362-28370	21608:TCATGCCGCTGT	C241T,T670G,C897A,C2790T,C3037T,G3431T,G4184A,C4321T,A6183G,C7528T,A7842G,C8293T,G8393A,C9344T,A9424G,C9534T,C10029T,C10198T,G10447A,C10449A,G11042T,C12789T,C12815T,C12880T,T13339C,C14408T,C15714T,T15756A,C17410T,A18163G,A18492G,C19955T,A20055G,C21618T,C21622T,G21624C,C21711T,G21941T,G21987A,T22032C,C22033A,A22034G,T22200G,C22208T,C22295A,C22353A,A22556G,G22577C,G22578A,A22629C,C22674T,T22679C,C22686T,A22688G,G22770A,G22775A,A22786C,G22813T,T22882G,G22895C,T22896A,G22898A,A22910G,C22916T,T22917G,T22942A,G22992A,C22995A,T23005A,G23012A,T23018C,T23019C,A23055G,A23063T,T23075C,G23222A,C23271T,A23403G,C23423T,C23525T,T23599G,C23604G,C23854A,G23948T,C24378T,A24424T,T24469A,C24990T,C25000T,C25207T,C25584T,C26060T,C26270T,G26529C,C26577G,A26610G,C26681T,G26709A,C26833T,C26858T,A27259C,G27382C,A27383T,T27384C,C27807T,A28271T,C28311T,G28881A,G28882A,G28883C,C28958A,A29510C	E:T9I,M:D3H,M:Q19E,M:T30A,M:A63T,M:A104V,N:P13L,N:R203K,N:G204R,N:Q229K,N:S413R,ORF1a:S135R,ORF1a:A211D,ORF1a:T842I,ORF1a:V1056L,ORF1a:G1307S,ORF1a:K1973R,ORF1a:N2526S,ORF1a:A2710T,ORF1a:L3027F,ORF1a:T3090I,ORF1a:T3255I,ORF1a:P3395H,ORF1a:V3593F,ORF1a:T4175I,ORF1b:P314L,ORF1b:R1315C,ORF1b:I1566V,ORF1b:T2163I,ORF3a:T223I,ORF6:D61L,ORF9b:P10S,S:T19I,S:R21T,S:A27S,S:S50L,S:V127F,S:G142D,S:F157S,S:R158G,S:L212I,S:V213G,S:L216F,S:H245N,S:A264D,S:I332V,S:G339H,S:K356T,S:S371F,S:S373P,S:S375F,S:T376A,S:R403K,S:D405N,S:R408S,S:K417N,S:N440K,S:V445H,S:G446S,S:N450D,S:L452W,S:N460K,S:S477N,S:T478K,S:N481K,S:E484K,S:F486P,S:Q498R,S:N501Y,S:Y505H,S:E554K,S:A570V,S:D614G,S:P621S,S:H655Y,S:N679K,S:P681R,S:N764K,S:D796Y,S:S939F,S:Q954H,S:N969K,S:P1143L	15.0		no	yes	no
IND/NGS-960/2022	ncov	?	OQ852551	OQ852551.1		2022-08-09	Asia	India	India		Asia	India	India	genome	29718	Homo sapiens	?	?	22D (Omicron)	BA.2.75	?	?	State Public Health Laboratory Chennai, Public Health	Raju et al	https://www.ncbi.nlm.nih.gov/nuccore/OQ852551		?	2023-04-21	2023-04-21	?	genbank	22D	Omicron	BA.2.75	0.191	1.175	0.0	84.0	0.0	0.9962879978597464	3.0	0.0	0.0	good	good	good	good	good	good	0.0	good		11288-11296,21633-21641,28362-28370,29734-29759,29791-29811		C44T,C241T,G338A,T670G,C2790T,C3037T,C3796T,C3927T,G4184A,C4321T,C4586T,C5183T,C9344T,A9424G,C9534T,C9866T,C10029T,C10198T,G10447A,C10449A,A12444G,C12880T,C14408T,G15451A,C15714T,C17410T,A18163G,C19955T,A20055G,C21618T,G21987A,A22001G,T22016C,C22033A,A22190G,T22200G,G22331A,G22577C,G22578A,C22674T,T22679C,C22686T,A22688G,G22775A,A22786C,G22813T,T22882G,G22898A,T22942G,G22992A,C22995A,A23013C,A23055G,A23063T,T23075C,A23403G,C23525T,T23599G,C23604A,C23854A,G23948T,A24424T,T24469A,C25000T,C25416T,C25584T,C26060T,C26270T,A26275G,C26577G,G26709A,C26858T,A27259C,G27382C,A27383T,T27384C,C27807T,A28271T,C28311T,C28498T,G28881A,G28882A,G28883C,A29510C	E:T9I,E:T11A,M:Q19E,M:A63T,N:P13L,N:R203K,N:G204R,N:S413R,ORF1a:D25N,ORF1a:S135R,ORF1a:T842I,ORF1a:S1221L,ORF1a:G1307S,ORF1a:P1640S,ORF1a:L3027F,ORF1a:T3090I,ORF1a:L3201F,ORF1a:T3255I,ORF1a:P3395H,ORF1a:N4060S,ORF1b:P314L,ORF1b:G662S,ORF1b:R1315C,ORF1b:I1566V,ORF1b:T2163I,ORF3a:T223I,ORF6:D61L,ORF9b:P10S,ORF9b:T72I,S:T19I,S:A27S,S:G142D,S:K147E,S:W152R,S:F157L,S:I210V,S:V213G,S:G257S,S:G339H,S:S371F,S:S373P,S:S375F,S:T376A,S:D405N,S:R408S,S:K417N,S:N440K,S:G446S,S:N460K,S:S477N,S:T478K,S:E484A,S:Q498R,S:N501Y,S:Y505H,S:D614G,S:H655Y,S:N679K,S:P681H,S:N764K,S:D796Y,S:Q954H,S:N969K	1.0	yes	yes	no	yes
AUS/VIC-VIDRL-00002502/2022	ncov	?	OQ692124	OQ692124.1		2022-10-13	Oceania	Australia	Victoria		Oceania	Australia	Victoria	genome	29626	Homo sapiens	?	?	22F (Omicron)	XBB.3	?	?	Melbourne Health, Victorian Infectious Diseases Reference Laboratory	Aziz et al	https://www.ncbi.nlm.nih.gov/nuccore/OQ692124		?	2023-04-04	2023-04-04	?	genbank	22F	Omicron	XBB.3	0.907	0.407	0.0	90.0	0.0	0.991739959201418	1.0	0.0	0.0	good	good	good	good	good	good	0.0	good		11288-11296,21633-21641,21992-21994,28362-28370		C241T,A405G,G510A,T670G,T1993C,C2790T,C3037T,G4184A,C4321T,C9344T,A9424G,C9534T,C9866T,C10029T,C10198T,G10447A,C10449A,C12880T,C14408T,G15451A,C15714T,C15738T,T15939C,T16342C,C17410T,T17859C,A18163G,A19326G,G19455A,A19459G,C19955T,A20055G,C21618T,T21810C,G21987A,C22000A,C22109G,T22200A,G22577C,G22578A,G22599C,C22664A,C22674T,T22679C,C22686T,A22688G,G22775A,A22786C,G22813T,T22882G,G22895C,T22896C,G22898A,T22942G,G22992A,C22995A,A23013C,T23019C,T23031C,A23055G,A23063T,T23075C,A23403G,C23525T,T23599G,C23604A,C23854A,G23948T,A24424T,T24469A,C25000T,C25416T,C25584T,C26060T,C26270T,A26275G,C26577G,G26709A,C26858T,A27259C,G27382C,A27383T,T27384C,C27807T,A28271T,C28311T,G28881A,G28882A,G28883C,A29510C	E:T9I,E:T11A,M:Q19E,M:A63T,N:P13L,N:R203K,N:G204R,N:S413R,ORF1a:K47R,ORF1a:G82D,ORF1a:S135R,ORF1a:T842I,ORF1a:G1307S,ORF1a:L3027F,ORF1a:T3090I,ORF1a:L3201F,ORF1a:T3255I,ORF1a:P3395H,ORF1b:P314L,ORF1b:G662S,ORF1b:S959P,ORF1b:R1315C,ORF1b:I1566V,ORF1b:I1998V,ORF1b:T2163I,ORF3a:T223I,ORF6:D61L,ORF9b:P10S,S:T19I,S:A27S,S:V83A,S:G142D,S:H146Q,S:Q183E,S:V213E,S:G339H,S:R346T,S:L368I,S:S371F,S:S373P,S:S375F,S:T376A,S:D405N,S:R408S,S:K417N,S:N440K,S:V445P,S:G446S,S:N460K,S:S477N,S:T478K,S:E484A,S:F486S,S:F490S,S:Q498R,S:N501Y,S:Y505H,S:D614G,S:H655Y,S:N679K,S:P681H,S:N764K,S:D796Y,S:Q954H,S:N969K	5.0	yes	yes	no	yes
Peru/PE-LMA-UW21021264021/2021	ncov	?	OQ691466	OQ691466.1		2021-02-12	South America	Peru	Peru		South America	Peru	Peru	genome	29510	Homo sapiens	?	?	21G (Lambda)	C.37	?	?	University of Washington, Laboratory Medicine and Pathology	Roychoudhury et al	https://www.ncbi.nlm.nih.gov/nuccore/OQ691466		?	2023-03-25	2023-03-25	?	genbank	21G	Lambda	C.37	?	?	0.0	32.0	0.0	0.9878607497575496	3.0	0.0	3.0	good	good	good	good	good	good	8.506944	good		11288-11296,22299-22319		C241T,C3037T,A3569G,C4002T,C7124T,T7424G,C9857T,T9867C,C10029T,G10097A,C10582T,C13536T,C14408T,C17985T,G21786T,C21789T,T22917A,T23031C,A23403G,C23731T,C24138A,C26894T,C28253T,A28271T,C28311T,G28881A,G28882A,G28883C,G28913T,C29311T,C29370T,A29700G	N:P13L,N:R203K,N:G204R,N:G214C,N:T366I,ORF1a:S1102G,ORF1a:T1246I,ORF1a:P2287S,ORF1a:F2387V,ORF1a:L3201P,ORF1a:T3255I,ORF1a:G3278S,ORF1b:P314L,ORF9b:P10S,S:G75V,S:T76I,S:D253N,S:L452Q,S:F490S,S:D614G,S:T859N	3.0	yes	yes	no	yes
Environment/IND/GBRC747a/2021	ncov	EPI_ISL_2484898	MZ397913	MZ397913.1		2021-02-08	Asia	India	India		Asia	India	India	genome	29789		?	?	21A (Delta)	B.1.617.2	?	?	Gujarat Biotechnology Research Centre, Department of Science and Technology	Savaliya et al	https://www.ncbi.nlm.nih.gov/nuccore/MZ397913		?	2021-06-16	2021-06-16	?	genbank	21A	Delta	B.1.617.2	?	?	4.0	27.0	0.0	0.9964886466240844	1.0	1.0	3.0	good	good	mediocre	good	good	good	21.006944	good		22029-22034,28248-28253,28271		G210T,C241T,C1191T,C3037T,T3478C,G4181T,C9891T,A11201G,T11418C,C14408T,G15451A,C16466T,C21618G,G21987A,T22917G,C22995A,A23403G,C23604G,G24410A,C25469T,T26767C,T27638C,C27752T,A28461G,G28881T,G29402T,G29742T	M:I82T,N:D63G,N:R203M,N:D377Y,ORF1a:P309L,ORF1a:A1306S,ORF1a:A3209V,ORF1a:T3646A,ORF1a:V3718A,ORF1b:P314L,ORF1b:G662S,ORF1b:P1000L,ORF3a:S26L,ORF7a:V82A,ORF7a:T120I,ORF9b:T60A,S:T19R,S:G142D,S:R158G,S:L452R,S:T478K,S:D614G,S:P681R,S:D950N	1.0	yes	yes	no	yes
NLD/EMC-BA2-1/2022	ncov	?	ON545852	ON545852.1		2022-01-11	Europe	Netherlands	Netherlands		Europe	Netherlands	Netherlands	genome	29513	Homo sapiens	?	?	21L (Omicron)	BA.2.9	?	?	Erasmus MC, Viroscience	Mykytyn et al	https://www.ncbi.nlm.nih.gov/nuccore/ON545852		?	2022-07-04	2022-07-04	?	genbank	21L	Omicron	BA.2.9	-0.0	-0.0	421.0	65.0	0.0	0.9737818947931646	0.0	1.0	0.0	good	good	good	good	good	good	0.200837	good		11288-11296,21633-21641,28362-28370		C241T,T670G,C2790T,C3037T,G4184A,C4321T,C9344T,C9534T,C9866T,C10029T,C10198T,G10447A,C10449A,C12880T,C14408T,C15714T,C17410T,A18163G,C19955T,A20055G,C21618T,G21987A,T22200G,G22578A,C22674T,T22679C,C22686T,A22688G,G22775A,A22786C,C22792T,G22813T,T22882G,G22992A,C22995A,A23013C,A23040G,A23055G,A23063T,T23075C,A23403G,C23525T,T23599G,C23604A,C23854A,G23948T,A24424T,T24469A,C25584T,C25624T,C26060T,C26270T,C26577G,G26709A,C26858T,G27382C,A27383T,T27384C,C27807T,A28271T,C28311T,G28881A,G28882A,G28883C,A29510C	E:T9I,M:Q19E,M:A63T,N:P13L,N:R203K,N:G204R,N:S413R,ORF1a:S135R,ORF1a:T842I,ORF1a:G1307S,ORF1a:L3027F,ORF1a:T3090I,ORF1a:L3201F,ORF1a:T3255I,ORF1a:P3395H,ORF1b:P314L,ORF1b:R1315C,ORF1b:I1566V,ORF1b:T2163I,ORF3a:H78Y,ORF3a:T223I,ORF6:D61L,ORF9b:P10S,S:T19I,S:A27S,S:G142D,S:V213G,S:G339D,S:S371F,S:S373P,S:S375F,S:T376A,S:D405N,S:R408S,S:K417N,S:N440K,S:S477N,S:T478K,S:E484A,S:Q493R,S:Q498R,S:N501Y,S:Y505H,S:D614G,S:H655Y,S:N679K,S:P681H,S:N764K,S:D796Y,S:Q954H,S:N969K	1.0	yes	yes	no	yes
HongKong/HKPU-00171/2020	ncov	?	MZ266520	MZ266520.1		2020-12-08	Asia	Hong Kong	Hong Kong		Asia	Hong Kong	Hong Kong	genome	29763	Homo sapiens	?	?	20I (Alpha, V1)	B.1.1.7	?	?	The Hong Kong Polytechnic University, Department of Health Technology and Informatics	Siu et al	https://www.ncbi.nlm.nih.gov/nuccore/MZ266520		?	2021-05-22	2021-05-25	?	genbank	20I	Alpha	B.1.1.7	?	?	0.0	31.0	0.0	0.9959535832525164	1.0	0.0	2.0	good	good	good	good	good	good	0.173611	good		11288-11296,21765-21770,21992-21994,28271		C241T,C913T,C2453T,C3037T,C3267T,C5388A,C5986T,T6954C,A8512G,C14408T,C14676T,C15279T,T16176C,A23063T,C23271A,A23403G,C23604A,C23709T,T24506G,G24914C,C27972T,G28048T,A28111G,G28280C,A28281T,T28282A,G28881A,G28882A,G28883C,C28977T,A29700G	N:D3L,N:R203K,N:G204R,N:S235F,ORF1a:L730F,ORF1a:T1001I,ORF1a:A1708D,ORF1a:I2230T,ORF1b:P314L,ORF8:Q27*,ORF8:R52I,ORF8:Y73C,S:N501Y,S:A570D,S:D614G,S:P681H,S:T716I,S:S982A,S:D1118H	2.0	yes	yes	no	yes
